"filename", "language", "TypeScript", "JSON", "Markdown", "MS SQL", "comment", "blank", "total"
"c:\Users\karry-yang\Desktop\NOTICEYOU-NEXTJS\notice_you_service_node\notice_you_service\notice_2025-05-27_201050.sql", "MS SQL", 0, 0, 0, 501, 78, 51, 630
"c:\Users\karry-yang\Desktop\NOTICEYOU-NEXTJS\notice_you_service_node\notice_you_service\package-lock.json", "JSON", 0, 16, 0, 0, 0, 0, 16
"c:\Users\karry-yang\Desktop\NOTICEYOU-NEXTJS\notice_you_service_node\notice_you_service\package.json", "JSON", 0, 2, 0, 0, 0, 1, 3
"c:\Users\karry-yang\Desktop\NOTICEYOU-NEXTJS\notice_you_service_node\notice_you_service\readMyNote.md", "Markdown", 0, 0, -2, 0, 2, 0, 0
"c:\Users\karry-yang\Desktop\NOTICEYOU-NEXTJS\notice_you_service_node\notice_you_service\scripts\seed.ts", "TypeScript", 344, 0, 0, 0, 364, 71, 779
"c:\Users\karry-yang\Desktop\NOTICEYOU-NEXTJS\notice_you_service_node\notice_you_service\src\common\dto\paginatedResult.dto.ts", "TypeScript", 41, 0, 0, 0, 0, 6, 47
"c:\Users\karry-yang\Desktop\NOTICEYOU-NEXTJS\notice_you_service_node\notice_you_service\src\common\dto\timestamp.dto.ts", "TypeScript", 13, 0, 0, 0, 1, 2, 16
"c:\Users\karry-yang\Desktop\NOTICEYOU-NEXTJS\notice_you_service_node\notice_you_service\src\common\shared\enum\PermissionRangeEnum.ts", "TypeScript", 1, 0, 0, 0, 0, 0, 1
"c:\Users\karry-yang\Desktop\NOTICEYOU-NEXTJS\notice_you_service_node\notice_you_service\src\common\shared\enum\PermissionTypeEnum.ts", "TypeScript", 4, 0, 0, 0, 0, 2, 6
"c:\Users\karry-yang\Desktop\NOTICEYOU-NEXTJS\notice_you_service_node\notice_you_service\src\common\shared\lib\password.helper.ts", "TypeScript", -6, 0, 0, 0, 18, 4, 16
"c:\Users\karry-yang\Desktop\NOTICEYOU-NEXTJS\notice_you_service_node\notice_you_service\src\common\types\paginatedResult.dto.ts", "TypeScript", -34, 0, 0, 0, -25, -10, -69
"c:\Users\karry-yang\Desktop\NOTICEYOU-NEXTJS\notice_you_service_node\notice_you_service\src\common\types\paginatedResult.interface.ts", "TypeScript", 34, 0, 0, 0, 27, 10, 71
"c:\Users\karry-yang\Desktop\NOTICEYOU-NEXTJS\notice_you_service_node\notice_you_service\src\common\utils\cursor.utils.ts", "TypeScript", 18, 0, 0, 0, 0, 5, 23
"c:\Users\karry-yang\Desktop\NOTICEYOU-NEXTJS\notice_you_service_node\notice_you_service\src\modules\auth\controller\public-auth.controller.ts", "TypeScript", 2, 0, 0, 0, 0, 0, 2
"c:\Users\karry-yang\Desktop\NOTICEYOU-NEXTJS\notice_you_service_node\notice_you_service\src\modules\checkIn\checkin.moduel.ts", "TypeScript", 3, 0, 0, 0, 0, 0, 3
"c:\Users\karry-yang\Desktop\NOTICEYOU-NEXTJS\notice_you_service_node\notice_you_service\src\modules\checkIn\controllers\focus.controller.ts", "TypeScript", 40, 0, 0, 0, 4, 4, 48
"c:\Users\karry-yang\Desktop\NOTICEYOU-NEXTJS\notice_you_service_node\notice_you_service\src\modules\checkIn\controllers\personal-checkin.controller.ts", "TypeScript", 10, 0, 0, 0, 0, 2, 12
"c:\Users\karry-yang\Desktop\NOTICEYOU-NEXTJS\notice_you_service_node\notice_you_service\src\modules\checkIn\controllers\public-checkin.controller.ts", "TypeScript", 0, 0, 0, 0, 0, 1, 1
"c:\Users\karry-yang\Desktop\NOTICEYOU-NEXTJS\notice_you_service_node\notice_you_service\src\modules\checkIn\dto\focus\create-focus.dto.ts", "TypeScript", 3, 0, 0, 0, -3, 2, 2
"c:\Users\karry-yang\Desktop\NOTICEYOU-NEXTJS\notice_you_service_node\notice_you_service\src\modules\checkIn\dto\focus\endFocus.dto.ts", "TypeScript", 13, 0, 0, 0, 2, 6, 21
"c:\Users\karry-yang\Desktop\NOTICEYOU-NEXTJS\notice_you_service_node\notice_you_service\src\modules\checkIn\dto\focus\startFocus.dto.ts", "TypeScript", 10, 0, 0, 0, 1, 5, 16
"c:\Users\karry-yang\Desktop\NOTICEYOU-NEXTJS\notice_you_service_node\notice_you_service\src\modules\checkIn\repositories\focus.repository.ts", "TypeScript", 57, 0, 0, 0, 0, 3, 60
"c:\Users\karry-yang\Desktop\NOTICEYOU-NEXTJS\notice_you_service_node\notice_you_service\src\modules\checkIn\repositories\interfaces\focus.repository.interface.ts", "TypeScript", 5, 0, 0, 0, 32, 4, 41
"c:\Users\karry-yang\Desktop\NOTICEYOU-NEXTJS\notice_you_service_node\notice_you_service\src\modules\checkIn\services\focus.service.ts", "TypeScript", 33, 0, 0, 0, 6, 7, 46
"c:\Users\karry-yang\Desktop\NOTICEYOU-NEXTJS\notice_you_service_node\notice_you_service\src\modules\checkIn\services\interface\focus-service.interface.ts", "TypeScript", 3, 0, 0, 0, 7, 2, 12
"c:\Users\karry-yang\Desktop\NOTICEYOU-NEXTJS\notice_you_service_node\notice_you_service\src\modules\checkIn\services\interface\personal-checkin-service.interface.ts", "TypeScript", 2, 0, 0, 0, 0, 1, 3
"c:\Users\karry-yang\Desktop\NOTICEYOU-NEXTJS\notice_you_service_node\notice_you_service\src\modules\checkIn\services\personal-checkin.service.ts", "TypeScript", -14, 0, 0, 0, 0, 1, -13
"c:\Users\karry-yang\Desktop\NOTICEYOU-NEXTJS\notice_you_service_node\notice_you_service\src\modules\database\redis\redis.module.ts", "TypeScript", 2, 0, 0, 0, 0, 0, 2
"c:\Users\karry-yang\Desktop\NOTICEYOU-NEXTJS\notice_you_service_node\notice_you_service\src\modules\database\redis\servers\forFocus.service.ts", "TypeScript", 30, 0, 0, 0, 12, 7, 49
"c:\Users\karry-yang\Desktop\NOTICEYOU-NEXTJS\notice_you_service_node\notice_you_service\src\modules\task\controllers\habit.controller.ts", "TypeScript", 14, 0, 0, 0, 10, 4, 28
"c:\Users\karry-yang\Desktop\NOTICEYOU-NEXTJS\notice_you_service_node\notice_you_service\src\modules\task\controllers\personal-task.controller.ts", "TypeScript", 16, 0, 0, 0, 6, 2, 24
"c:\Users\karry-yang\Desktop\NOTICEYOU-NEXTJS\notice_you_service_node\notice_you_service\src\modules\task\dto\habitTask\createHabitTask.dto.ts", "TypeScript", 3, 0, 0, 0, -1, 1, 3
"c:\Users\karry-yang\Desktop\NOTICEYOU-NEXTJS\notice_you_service_node\notice_you_service\src\modules\task\dto\personalTask\personalTaskWithPagination.responseDto.ts", "TypeScript", 16, 0, 0, 0, 0, 5, 21
"c:\Users\karry-yang\Desktop\NOTICEYOU-NEXTJS\notice_you_service_node\notice_you_service\src\modules\task\dto\personalTask\personalTasksWithListicleTag.dto.ts", "TypeScript", 10, 0, 0, 0, 0, 2, 12
"c:\Users\karry-yang\Desktop\NOTICEYOU-NEXTJS\notice_you_service_node\notice_you_service\src\modules\task\dto\personalTask\psersonal-task-filter.dto.ts", "TypeScript", 58, 0, 0, 0, 0, 11, 69
"c:\Users\karry-yang\Desktop\NOTICEYOU-NEXTJS\notice_you_service_node\notice_you_service\src\modules\task\repositories\habit-group.reposicory.ts", "TypeScript", 6, 0, 0, 0, 0, 0, 6
"c:\Users\karry-yang\Desktop\NOTICEYOU-NEXTJS\notice_you_service_node\notice_you_service\src\modules\task\repositories\habit-task.repository.ts", "TypeScript", 43, 0, 0, 0, 1, 5, 49
"c:\Users\karry-yang\Desktop\NOTICEYOU-NEXTJS\notice_you_service_node\notice_you_service\src\modules\task\repositories\interfaces\habit-task.repository.interface.ts", "TypeScript", 2, 0, 0, 0, 4, 2, 8
"c:\Users\karry-yang\Desktop\NOTICEYOU-NEXTJS\notice_you_service_node\notice_you_service\src\modules\task\repositories\interfaces\personal-task.repository.interface.ts", "TypeScript", 3, 0, 0, 0, 3, 1, 7
"c:\Users\karry-yang\Desktop\NOTICEYOU-NEXTJS\notice_you_service_node\notice_you_service\src\modules\task\repositories\personal-task.repository.ts", "TypeScript", 122, 0, 0, 0, -99, 8, 31
"c:\Users\karry-yang\Desktop\NOTICEYOU-NEXTJS\notice_you_service_node\notice_you_service\src\modules\task\services\habit-task.service.ts", "TypeScript", 15, 0, 0, 0, 2, -2, 15
"c:\Users\karry-yang\Desktop\NOTICEYOU-NEXTJS\notice_you_service_node\notice_you_service\src\modules\task\services\interface\habit-task.interface.ts", "TypeScript", 3, 0, 0, 0, 6, 6, 15
"c:\Users\karry-yang\Desktop\NOTICEYOU-NEXTJS\notice_you_service_node\notice_you_service\src\modules\task\services\interface\personal-task.interface.ts", "TypeScript", 0, 0, 0, 0, 19, 2, 21
"c:\Users\karry-yang\Desktop\NOTICEYOU-NEXTJS\notice_you_service_node\notice_you_service\src\modules\task\task.module.ts", "TypeScript", 7, 0, 0, 0, 3, 1, 11
"c:\Users\karry-yang\Desktop\NOTICEYOU-NEXTJS\notice_you_service_node\notice_you_service\src\modules\user\entities\department.entity.ts", "TypeScript", 2, 0, 0, 0, 0, 1, 3
"c:\Users\karry-yang\Desktop\NOTICEYOU-NEXTJS\notice_you_service_node\notice_you_service\src\modules\user\entities\interfaces\department.interface.ts", "TypeScript", 1, 0, 0, 0, 0, -1, 0
"c:\Users\karry-yang\Desktop\NOTICEYOU-NEXTJS\notice_you_service_node\notice_you_service\src\modules\user\entities\interfaces\permission.interface.ts", "TypeScript", 0, 0, 0, 0, 1, 0, 1
"c:\Users\karry-yang\Desktop\NOTICEYOU-NEXTJS\notice_you_service_node\notice_you_service\src\modules\user\entities\interfaces\user.interface.ts", "TypeScript", -2, 0, 0, 0, 2, 0, 0
"c:\Users\karry-yang\Desktop\NOTICEYOU-NEXTJS\notice_you_service_node\notice_you_service\src\modules\user\entities\permission.entity.ts", "TypeScript", 0, 0, 0, 0, 2, 1, 3
"c:\Users\karry-yang\Desktop\NOTICEYOU-NEXTJS\notice_you_service_node\notice_you_service\src\modules\user\entities\user.entity.ts", "TypeScript", -22, 0, 0, 0, 23, 0, 1
"c:\Users\karry-yang\Desktop\NOTICEYOU-NEXTJS\notice_you_service_node\notice_you_service\src\modules\user\repositories\user-manage.repository.ts", "TypeScript", -4, 0, 0, 0, 4, 0, 0
"Total", "-", 907, 18, -2, 501, 512, 236, 2172