"filename", "language", "JSON", "JavaScript", "JSON with Comments", "TypeScript", "Markdown", "MS SQL", "comment", "blank", "total"
"c:\Users\karry-yang\Desktop\NOTICEYOU-NEXTJS\notice_you_service_node\notice_you_service\.prettierrc", "JSON", 12, 0, 0, 0, 0, 0, 0, 1, 13
"c:\Users\karry-yang\Desktop\NOTICEYOU-NEXTJS\notice_you_service_node\notice_you_service\README.md", "Markdown", 0, 0, 0, 0, 103, 0, 2, 45, 150
"c:\Users\karry-yang\Desktop\NOTICEYOU-NEXTJS\notice_you_service_node\notice_you_service\eslint.config.mjs", "JavaScript", 0, 43, 0, 0, 0, 0, 1, 1, 45
"c:\Users\karry-yang\Desktop\NOTICEYOU-NEXTJS\notice_you_service_node\notice_you_service\nest-cli.json", "JSON", 8, 0, 0, 0, 0, 0, 0, 1, 9
"c:\Users\karry-yang\Desktop\NOTICEYOU-NEXTJS\notice_you_service_node\notice_you_service\notice_2025-04-13_233738.sql", "MS SQL", 0, 0, 0, 0, 0, 271, 45, 29, 345
"c:\Users\karry-yang\Desktop\NOTICEYOU-NEXTJS\notice_you_service_node\notice_you_service\notice_2025-04-13_234807.sql", "MS SQL", 0, 0, 0, 0, 0, 187, 36, 23, 246
"c:\Users\karry-yang\Desktop\NOTICEYOU-NEXTJS\notice_you_service_node\notice_you_service\notice_2025-05-27_201050.sql", "MS SQL", 0, 0, 0, 0, 0, 501, 78, 51, 630
"c:\Users\karry-yang\Desktop\NOTICEYOU-NEXTJS\notice_you_service_node\notice_you_service\noticeyou_tag_2025-01-09_125510.sql", "MS SQL", 0, 0, 0, 0, 0, 813, 256, 73, 1142
"c:\Users\karry-yang\Desktop\NOTICEYOU-NEXTJS\notice_you_service_node\notice_you_service\package-lock.json", "JSON", 14268, 0, 0, 0, 0, 0, 0, 1, 14269
"c:\Users\karry-yang\Desktop\NOTICEYOU-NEXTJS\notice_you_service_node\notice_you_service\package.json", "JSON", 127, 0, 0, 0, 0, 0, 0, 1, 128
"c:\Users\karry-yang\Desktop\NOTICEYOU-NEXTJS\notice_you_service_node\notice_you_service\readMyNote.md", "Markdown", 0, 0, 0, 0, 88, 0, 15, 33, 136
"c:\Users\karry-yang\Desktop\NOTICEYOU-NEXTJS\notice_you_service_node\notice_you_service\scripts\seed.ts", "TypeScript", 0, 0, 0, 344, 0, 0, 364, 71, 779
"c:\Users\karry-yang\Desktop\NOTICEYOU-NEXTJS\notice_you_service_node\notice_you_service\src\app.module.ts", "TypeScript", 0, 0, 0, 25, 0, 0, 0, 2, 27
"c:\Users\karry-yang\Desktop\NOTICEYOU-NEXTJS\notice_you_service_node\notice_you_service\src\common\decorators\current-user.decorator.ts", "TypeScript", 0, 0, 0, 7, 0, 0, 0, 2, 9
"c:\Users\karry-yang\Desktop\NOTICEYOU-NEXTJS\notice_you_service_node\notice_you_service\src\common\decorators\permission.decorator.ts", "TypeScript", 0, 0, 0, 3, 0, 0, 1, 4, 8
"c:\Users\karry-yang\Desktop\NOTICEYOU-NEXTJS\notice_you_service_node\notice_you_service\src\common\decorators\public.decorator.ts", "TypeScript", 0, 0, 0, 2, 0, 0, 1, 2, 5
"c:\Users\karry-yang\Desktop\NOTICEYOU-NEXTJS\notice_you_service_node\notice_you_service\src\common\decorators\roles.decorator.ts", "TypeScript", 0, 0, 0, 3, 0, 0, 1, 2, 6
"c:\Users\karry-yang\Desktop\NOTICEYOU-NEXTJS\notice_you_service_node\notice_you_service\src\common\dto\api-response.dto.ts", "TypeScript", 0, 0, 0, 29, 0, 0, 1, 4, 34
"c:\Users\karry-yang\Desktop\NOTICEYOU-NEXTJS\notice_you_service_node\notice_you_service\src\common\dto\cache-role-permission.dto.ts", "TypeScript", 0, 0, 0, 4, 0, 0, 0, 0, 4
"c:\Users\karry-yang\Desktop\NOTICEYOU-NEXTJS\notice_you_service_node\notice_you_service\src\common\dto\current-user.dto.ts", "TypeScript", 0, 0, 0, 8, 0, 0, 0, 1, 9
"c:\Users\karry-yang\Desktop\NOTICEYOU-NEXTJS\notice_you_service_node\notice_you_service\src\common\dto\paginatedResult.dto.ts", "TypeScript", 0, 0, 0, 41, 0, 0, 0, 6, 47
"c:\Users\karry-yang\Desktop\NOTICEYOU-NEXTJS\notice_you_service_node\notice_you_service\src\common\dto\role-with-permissions.dto.ts", "TypeScript", 0, 0, 0, 14, 0, 0, 1, 1, 16
"c:\Users\karry-yang\Desktop\NOTICEYOU-NEXTJS\notice_you_service_node\notice_you_service\src\common\dto\simple-user.dto.ts", "TypeScript", 0, 0, 0, 29, 0, 0, 0, 8, 37
"c:\Users\karry-yang\Desktop\NOTICEYOU-NEXTJS\notice_you_service_node\notice_you_service\src\common\dto\timestamp.dto.ts", "TypeScript", 0, 0, 0, 13, 0, 0, 1, 2, 16
"c:\Users\karry-yang\Desktop\NOTICEYOU-NEXTJS\notice_you_service_node\notice_you_service\src\common\filters\http-exception.filter.ts", "TypeScript", 0, 0, 0, 40, 0, 0, 1, 5, 46
"c:\Users\karry-yang\Desktop\NOTICEYOU-NEXTJS\notice_you_service_node\notice_you_service\src\common\guards\jwt-auth.guard.ts", "TypeScript", 0, 0, 0, 4, 0, 0, 4, 2, 10
"c:\Users\karry-yang\Desktop\NOTICEYOU-NEXTJS\notice_you_service_node\notice_you_service\src\common\guards\permission.guard.ts", "TypeScript", 0, 0, 0, 40, 0, 0, 7, 11, 58
"c:\Users\karry-yang\Desktop\NOTICEYOU-NEXTJS\notice_you_service_node\notice_you_service\src\common\guards\roles.guard.ts", "TypeScript", 0, 0, 0, 35, 0, 0, 34, 23, 92
"c:\Users\karry-yang\Desktop\NOTICEYOU-NEXTJS\notice_you_service_node\notice_you_service\src\common\interceptors\transform.interceptor.ts", "TypeScript", 0, 0, 0, 19, 0, 0, 2, 2, 23
"c:\Users\karry-yang\Desktop\NOTICEYOU-NEXTJS\notice_you_service_node\notice_you_service\src\common\shared\baseEntity\autoAuditableBase.entity.ts", "TypeScript", 0, 0, 0, 8, 0, 0, 0, 2, 10
"c:\Users\karry-yang\Desktop\NOTICEYOU-NEXTJS\notice_you_service_node\notice_you_service\src\common\shared\baseEntity\manualAuditable.entity.ts", "TypeScript", 0, 0, 0, 12, 0, 0, 0, 1, 13
"c:\Users\karry-yang\Desktop\NOTICEYOU-NEXTJS\notice_you_service_node\notice_you_service\src\common\shared\baseInterface\autoAuditableBase.interface.ts", "TypeScript", 0, 0, 0, 4, 0, 0, 0, 3, 7
"c:\Users\karry-yang\Desktop\NOTICEYOU-NEXTJS\notice_you_service_node\notice_you_service\src\common\shared\baseInterface\manualAuditableBase.interface.ts", "TypeScript", 0, 0, 0, 6, 0, 0, 0, 3, 9
"c:\Users\karry-yang\Desktop\NOTICEYOU-NEXTJS\notice_you_service_node\notice_you_service\src\common\shared\enum\DepartmentTypeEnum.ts", "TypeScript", 0, 0, 0, 4, 0, 0, 5, 2, 11
"c:\Users\karry-yang\Desktop\NOTICEYOU-NEXTJS\notice_you_service_node\notice_you_service\src\common\shared\enum\FocusStatusEnum.ts", "TypeScript", 0, 0, 0, 4, 0, 0, 4, 0, 8
"c:\Users\karry-yang\Desktop\NOTICEYOU-NEXTJS\notice_you_service_node\notice_you_service\src\common\shared\enum\GenderEnum.ts", "TypeScript", 0, 0, 0, 4, 0, 0, 5, 4, 13
"c:\Users\karry-yang\Desktop\NOTICEYOU-NEXTJS\notice_you_service_node\notice_you_service\src\common\shared\enum\ListicleTypeEnum.ts", "TypeScript", 0, 0, 0, 5, 0, 0, 0, 2, 7
"c:\Users\karry-yang\Desktop\NOTICEYOU-NEXTJS\notice_you_service_node\notice_you_service\src\common\shared\enum\NoticeStatusEnum.ts", "TypeScript", 0, 0, 0, 6, 0, 0, 7, 0, 13
"c:\Users\karry-yang\Desktop\NOTICEYOU-NEXTJS\notice_you_service_node\notice_you_service\src\common\shared\enum\NotificationTypeEnum.ts", "TypeScript", 0, 0, 0, 8, 0, 0, 10, 1, 19
"c:\Users\karry-yang\Desktop\NOTICEYOU-NEXTJS\notice_you_service_node\notice_you_service\src\common\shared\enum\PaymentStatusEnum.ts", "TypeScript", 0, 0, 0, 5, 0, 0, 6, 2, 13
"c:\Users\karry-yang\Desktop\NOTICEYOU-NEXTJS\notice_you_service_node\notice_you_service\src\common\shared\enum\PermissionRangeEnum.ts", "TypeScript", 0, 0, 0, 6, 0, 0, 0, 1, 7
"c:\Users\karry-yang\Desktop\NOTICEYOU-NEXTJS\notice_you_service_node\notice_you_service\src\common\shared\enum\PermissionTypeEnum.ts", "TypeScript", 0, 0, 0, 8, 0, 0, 5, 4, 17
"c:\Users\karry-yang\Desktop\NOTICEYOU-NEXTJS\notice_you_service_node\notice_you_service\src\common\shared\enum\PriorityEnum.ts", "TypeScript", 0, 0, 0, 6, 0, 0, 4, 2, 12
"c:\Users\karry-yang\Desktop\NOTICEYOU-NEXTJS\notice_you_service_node\notice_you_service\src\common\shared\enum\ReadStatus.ts", "TypeScript", 0, 0, 0, 4, 0, 0, 5, 2, 11
"c:\Users\karry-yang\Desktop\NOTICEYOU-NEXTJS\notice_you_service_node\notice_you_service\src\common\shared\enum\ResourceTypeEnum.ts", "TypeScript", 0, 0, 0, 8, 0, 0, 0, 1, 9
"c:\Users\karry-yang\Desktop\NOTICEYOU-NEXTJS\notice_you_service_node\notice_you_service\src\common\shared\enum\RoleTypeEnum.ts", "TypeScript", 0, 0, 0, 7, 0, 0, 0, 1, 8
"c:\Users\karry-yang\Desktop\NOTICEYOU-NEXTJS\notice_you_service_node\notice_you_service\src\common\shared\enum\SettingSwitchEnum.ts", "TypeScript", 0, 0, 0, 4, 0, 0, 5, 4, 13
"c:\Users\karry-yang\Desktop\NOTICEYOU-NEXTJS\notice_you_service_node\notice_you_service\src\common\shared\enum\StatusEnum.ts", "TypeScript", 0, 0, 0, 5, 0, 0, 7, 4, 16
"c:\Users\karry-yang\Desktop\NOTICEYOU-NEXTJS\notice_you_service_node\notice_you_service\src\common\shared\enum\TaskCheckinStatusEnum.ts", "TypeScript", 0, 0, 0, 5, 0, 0, 7, 2, 14
"c:\Users\karry-yang\Desktop\NOTICEYOU-NEXTJS\notice_you_service_node\notice_you_service\src\common\shared\enum\TaskCheckinType.ts", "TypeScript", 0, 0, 0, 6, 0, 0, 8, 3, 17
"c:\Users\karry-yang\Desktop\NOTICEYOU-NEXTJS\notice_you_service_node\notice_you_service\src\common\shared\enum\TaskTypeEnum.ts", "TypeScript", 0, 0, 0, 5, 0, 0, 0, 1, 6
"c:\Users\karry-yang\Desktop\NOTICEYOU-NEXTJS\notice_you_service_node\notice_you_service\src\common\shared\enum\ThemeEnum.ts", "TypeScript", 0, 0, 0, 4, 0, 0, 5, 1, 10
"c:\Users\karry-yang\Desktop\NOTICEYOU-NEXTJS\notice_you_service_node\notice_you_service\src\common\shared\enum\TimeTypeEnum.ts", "TypeScript", 0, 0, 0, 4, 0, 0, 5, 1, 10
"c:\Users\karry-yang\Desktop\NOTICEYOU-NEXTJS\notice_you_service_node\notice_you_service\src\common\shared\enum\TimeZoneEnum.ts", "TypeScript", 0, 0, 0, 28, 0, 0, 29, 1, 58
"c:\Users\karry-yang\Desktop\NOTICEYOU-NEXTJS\notice_you_service_node\notice_you_service\src\common\shared\enum\UserTypeEnum.ts", "TypeScript", 0, 0, 0, 7, 0, 0, 7, 3, 17
"c:\Users\karry-yang\Desktop\NOTICEYOU-NEXTJS\notice_you_service_node\notice_you_service\src\common\shared\enum\VipStatusEnum.ts", "TypeScript", 0, 0, 0, 11, 0, 0, 13, 2, 26
"c:\Users\karry-yang\Desktop\NOTICEYOU-NEXTJS\notice_you_service_node\notice_you_service\src\common\shared\enum\VipTypeEnum.ts", "TypeScript", 0, 0, 0, 4, 0, 0, 7, 1, 12
"c:\Users\karry-yang\Desktop\NOTICEYOU-NEXTJS\notice_you_service_node\notice_you_service\src\common\shared\enum\WeekDayEnum.ts", "TypeScript", 0, 0, 0, 9, 0, 0, 3, 3, 15
"c:\Users\karry-yang\Desktop\NOTICEYOU-NEXTJS\notice_you_service_node\notice_you_service\src\common\shared\lib\generateVerificationCode.ts", "TypeScript", 0, 0, 0, 8, 0, 0, 5, 1, 14
"c:\Users\karry-yang\Desktop\NOTICEYOU-NEXTJS\notice_you_service_node\notice_you_service\src\common\shared\lib\getDateshortcut.ts", "TypeScript", 0, 0, 0, 37, 0, 0, 0, 8, 45
"c:\Users\karry-yang\Desktop\NOTICEYOU-NEXTJS\notice_you_service_node\notice_you_service\src\common\shared\lib\password.helper.ts", "TypeScript", 0, 0, 0, 10, 0, 0, 26, 8, 44
"c:\Users\karry-yang\Desktop\NOTICEYOU-NEXTJS\notice_you_service_node\notice_you_service\src\common\shared\lib\snowflake.ts", "TypeScript", 0, 0, 0, 24, 0, 0, 6, 7, 37
"c:\Users\karry-yang\Desktop\NOTICEYOU-NEXTJS\notice_you_service_node\notice_you_service\src\common\token\tokens.ts", "TypeScript", 0, 0, 0, 23, 0, 0, 12, 15, 50
"c:\Users\karry-yang\Desktop\NOTICEYOU-NEXTJS\notice_you_service_node\notice_you_service\src\common\types\paginatedResult.interface.ts", "TypeScript", 0, 0, 0, 34, 0, 0, 27, 10, 71
"c:\Users\karry-yang\Desktop\NOTICEYOU-NEXTJS\notice_you_service_node\notice_you_service\src\common\utils\cursor.utils.ts", "TypeScript", 0, 0, 0, 18, 0, 0, 0, 5, 23
"c:\Users\karry-yang\Desktop\NOTICEYOU-NEXTJS\notice_you_service_node\notice_you_service\src\main.ts", "TypeScript", 0, 0, 0, 31, 0, 0, 18, 7, 56
"c:\Users\karry-yang\Desktop\NOTICEYOU-NEXTJS\notice_you_service_node\notice_you_service\src\modules\auth\auth.module.ts", "TypeScript", 0, 0, 0, 40, 0, 0, 2, 1, 43
"c:\Users\karry-yang\Desktop\NOTICEYOU-NEXTJS\notice_you_service_node\notice_you_service\src\modules\auth\config\jwt.strategy.ts", "TypeScript", 0, 0, 0, 24, 0, 0, 1, 4, 29
"c:\Users\karry-yang\Desktop\NOTICEYOU-NEXTJS\notice_you_service_node\notice_you_service\src\modules\auth\controller\public-auth.controller.ts", "TypeScript", 0, 0, 0, 104, 0, 0, 28, 20, 152
"c:\Users\karry-yang\Desktop\NOTICEYOU-NEXTJS\notice_you_service_node\notice_you_service\src\modules\auth\dto\auth-login-request.dto.ts", "TypeScript", 0, 0, 0, 8, 0, 0, 0, 3, 11
"c:\Users\karry-yang\Desktop\NOTICEYOU-NEXTJS\notice_you_service_node\notice_you_service\src\modules\auth\dto\login.dto.ts", "TypeScript", 0, 0, 0, 7, 0, 0, 0, 4, 11
"c:\Users\karry-yang\Desktop\NOTICEYOU-NEXTJS\notice_you_service_node\notice_you_service\src\modules\auth\dto\register.dto.ts", "TypeScript", 0, 0, 0, 24, 0, 0, 0, 1, 25
"c:\Users\karry-yang\Desktop\NOTICEYOU-NEXTJS\notice_you_service_node\notice_you_service\src\modules\auth\dto\verification-req.dto.ts", "TypeScript", 0, 0, 0, 4, 0, 0, 0, 2, 6
"c:\Users\karry-yang\Desktop\NOTICEYOU-NEXTJS\notice_you_service_node\notice_you_service\src\modules\auth\service\auth.service.ts", "TypeScript", 0, 0, 0, 130, 0, 0, 29, 21, 180
"c:\Users\karry-yang\Desktop\NOTICEYOU-NEXTJS\notice_you_service_node\notice_you_service\src\modules\checkIn\checkin.moduel.ts", "TypeScript", 0, 0, 0, 56, 0, 0, 1, 2, 59
"c:\Users\karry-yang\Desktop\NOTICEYOU-NEXTJS\notice_you_service_node\notice_you_service\src\modules\checkIn\controllers\focus.controller.ts", "TypeScript", 0, 0, 0, 40, 0, 0, 4, 4, 48
"c:\Users\karry-yang\Desktop\NOTICEYOU-NEXTJS\notice_you_service_node\notice_you_service\src\modules\checkIn\controllers\personal-checkin.controller.ts", "TypeScript", 0, 0, 0, 10, 0, 0, 0, 2, 12
"c:\Users\karry-yang\Desktop\NOTICEYOU-NEXTJS\notice_you_service_node\notice_you_service\src\modules\checkIn\controllers\public-checkin.controller.ts", "TypeScript", 0, 0, 0, 0, 0, 0, 0, 1, 1
"c:\Users\karry-yang\Desktop\NOTICEYOU-NEXTJS\notice_you_service_node\notice_you_service\src\modules\checkIn\dto\common\rate.dto.ts", "TypeScript", 0, 0, 0, 5, 0, 0, 0, 1, 6
"c:\Users\karry-yang\Desktop\NOTICEYOU-NEXTJS\notice_you_service_node\notice_you_service\src\modules\checkIn\dto\focus\create-focus.dto.ts", "TypeScript", 0, 0, 0, 19, 0, 0, 0, 6, 25
"c:\Users\karry-yang\Desktop\NOTICEYOU-NEXTJS\notice_you_service_node\notice_you_service\src\modules\checkIn\dto\focus\endFocus.dto.ts", "TypeScript", 0, 0, 0, 13, 0, 0, 2, 6, 21
"c:\Users\karry-yang\Desktop\NOTICEYOU-NEXTJS\notice_you_service_node\notice_you_service\src\modules\checkIn\dto\focus\startFocus.dto.ts", "TypeScript", 0, 0, 0, 10, 0, 0, 1, 5, 16
"c:\Users\karry-yang\Desktop\NOTICEYOU-NEXTJS\notice_you_service_node\notice_you_service\src\modules\checkIn\dto\personal-checkin\create-personal-checkin.dto.ts", "TypeScript", 0, 0, 0, 16, 0, 0, 0, 2, 18
"c:\Users\karry-yang\Desktop\NOTICEYOU-NEXTJS\notice_you_service_node\notice_you_service\src\modules\checkIn\dto\public-checkin\create-public-checkin.dto.ts", "TypeScript", 0, 0, 0, 23, 0, 0, 0, 9, 32
"c:\Users\karry-yang\Desktop\NOTICEYOU-NEXTJS\notice_you_service_node\notice_you_service\src\modules\checkIn\entities\habit-focus.entity.ts", "TypeScript", 0, 0, 0, 22, 0, 0, 4, 7, 33
"c:\Users\karry-yang\Desktop\NOTICEYOU-NEXTJS\notice_you_service_node\notice_you_service\src\modules\checkIn\entities\interfaces\habit-focus.interface.ts", "TypeScript", 0, 0, 0, 11, 0, 0, 4, 3, 18
"c:\Users\karry-yang\Desktop\NOTICEYOU-NEXTJS\notice_you_service_node\notice_you_service\src\modules\checkIn\entities\interfaces\personal-checkin.interface.ts", "TypeScript", 0, 0, 0, 9, 0, 0, 1, 4, 14
"c:\Users\karry-yang\Desktop\NOTICEYOU-NEXTJS\notice_you_service_node\notice_you_service\src\modules\checkIn\entities\interfaces\public-checkin.interface.ts", "TypeScript", 0, 0, 0, 14, 0, 0, 0, 3, 17
"c:\Users\karry-yang\Desktop\NOTICEYOU-NEXTJS\notice_you_service_node\notice_you_service\src\modules\checkIn\entities\personal-checkin.entity.ts", "TypeScript", 0, 0, 0, 20, 0, 0, 3, 2, 25
"c:\Users\karry-yang\Desktop\NOTICEYOU-NEXTJS\notice_you_service_node\notice_you_service\src\modules\checkIn\entities\public-checkin.entity.ts", "TypeScript", 0, 0, 0, 27, 0, 0, 1, 3, 31
"c:\Users\karry-yang\Desktop\NOTICEYOU-NEXTJS\notice_you_service_node\notice_you_service\src\modules\checkIn\repositories\focus.repository.ts", "TypeScript", 0, 0, 0, 118, 0, 0, 3, 15, 136
"c:\Users\karry-yang\Desktop\NOTICEYOU-NEXTJS\notice_you_service_node\notice_you_service\src\modules\checkIn\repositories\interfaces\focus.repository.interface.ts", "TypeScript", 0, 0, 0, 14, 0, 0, 39, 7, 60
"c:\Users\karry-yang\Desktop\NOTICEYOU-NEXTJS\notice_you_service_node\notice_you_service\src\modules\checkIn\repositories\interfaces\personal-checkin.repository.interface.ts", "TypeScript", 0, 0, 0, 10, 0, 0, 5, 3, 18
"c:\Users\karry-yang\Desktop\NOTICEYOU-NEXTJS\notice_you_service_node\notice_you_service\src\modules\checkIn\repositories\interfaces\public-checkin.repository.interface.ts", "TypeScript", 0, 0, 0, 11, 0, 0, 12, 3, 26
"c:\Users\karry-yang\Desktop\NOTICEYOU-NEXTJS\notice_you_service_node\notice_you_service\src\modules\checkIn\repositories\personal-checkin.repository.ts", "TypeScript", 0, 0, 0, 29, 0, 0, 0, 1, 30
"c:\Users\karry-yang\Desktop\NOTICEYOU-NEXTJS\notice_you_service_node\notice_you_service\src\modules\checkIn\repositories\public-checkin.repository.ts", "TypeScript", 0, 0, 0, 86, 0, 0, 2, 11, 99
"c:\Users\karry-yang\Desktop\NOTICEYOU-NEXTJS\notice_you_service_node\notice_you_service\src\modules\checkIn\services\focus.service.ts", "TypeScript", 0, 0, 0, 63, 0, 0, 12, 13, 88
"c:\Users\karry-yang\Desktop\NOTICEYOU-NEXTJS\notice_you_service_node\notice_you_service\src\modules\checkIn\services\interface\focus-service.interface.ts", "TypeScript", 0, 0, 0, 11, 0, 0, 10, 3, 24
"c:\Users\karry-yang\Desktop\NOTICEYOU-NEXTJS\notice_you_service_node\notice_you_service\src\modules\checkIn\services\interface\personal-checkin-service.interface.ts", "TypeScript", 0, 0, 0, 2, 0, 0, 0, 1, 3
"c:\Users\karry-yang\Desktop\NOTICEYOU-NEXTJS\notice_you_service_node\notice_you_service\src\modules\checkIn\services\interface\public-checkin-service.interface.ts", "TypeScript", 0, 0, 0, 4, 0, 0, 1, 2, 7
"c:\Users\karry-yang\Desktop\NOTICEYOU-NEXTJS\notice_you_service_node\notice_you_service\src\modules\checkIn\services\personal-checkin.service.ts", "TypeScript", 0, 0, 0, 18, 0, 0, 3, 3, 24
"c:\Users\karry-yang\Desktop\NOTICEYOU-NEXTJS\notice_you_service_node\notice_you_service\src\modules\checkIn\services\public-checkin.service.ts", "TypeScript", 0, 0, 0, 14, 0, 0, 69, 13, 96
"c:\Users\karry-yang\Desktop\NOTICEYOU-NEXTJS\notice_you_service_node\notice_you_service\src\modules\comment\comment.entity.ts", "TypeScript", 0, 0, 0, 0, 0, 0, 0, 1, 1
"c:\Users\karry-yang\Desktop\NOTICEYOU-NEXTJS\notice_you_service_node\notice_you_service\src\modules\database\database.module.ts", "TypeScript", 0, 0, 0, 9, 0, 0, 0, 1, 10
"c:\Users\karry-yang\Desktop\NOTICEYOU-NEXTJS\notice_you_service_node\notice_you_service\src\modules\database\mongodb\mongodb.interface.ts", "TypeScript", 0, 0, 0, 7, 0, 0, 21, 5, 33
"c:\Users\karry-yang\Desktop\NOTICEYOU-NEXTJS\notice_you_service_node\notice_you_service\src\modules\database\mongodb\mongodb.module.ts", "TypeScript", 0, 0, 0, 24, 0, 0, 0, 1, 25
"c:\Users\karry-yang\Desktop\NOTICEYOU-NEXTJS\notice_you_service_node\notice_you_service\src\modules\database\mongodb\mongodb.service.ts", "TypeScript", 0, 0, 0, 23, 0, 0, 0, 6, 29
"c:\Users\karry-yang\Desktop\NOTICEYOU-NEXTJS\notice_you_service_node\notice_you_service\src\modules\database\redis\dto\verification-redis.dto.ts", "TypeScript", 0, 0, 0, 7, 0, 0, 0, 1, 8
"c:\Users\karry-yang\Desktop\NOTICEYOU-NEXTJS\notice_you_service_node\notice_you_service\src\modules\database\redis\redis.module.ts", "TypeScript", 0, 0, 0, 59, 0, 0, 4, 1, 64
"c:\Users\karry-yang\Desktop\NOTICEYOU-NEXTJS\notice_you_service_node\notice_you_service\src\modules\database\redis\servers\forAuth.service.ts", "TypeScript", 0, 0, 0, 123, 0, 0, 73, 28, 224
"c:\Users\karry-yang\Desktop\NOTICEYOU-NEXTJS\notice_you_service_node\notice_you_service\src\modules\database\redis\servers\forFocus.service.ts", "TypeScript", 0, 0, 0, 30, 0, 0, 12, 7, 49
"c:\Users\karry-yang\Desktop\NOTICEYOU-NEXTJS\notice_you_service_node\notice_you_service\src\modules\database\redis\servers\redis.interface.ts", "TypeScript", 0, 0, 0, 8, 0, 0, 0, 0, 8
"c:\Users\karry-yang\Desktop\NOTICEYOU-NEXTJS\notice_you_service_node\notice_you_service\src\modules\database\redis\servers\redis.service.ts", "TypeScript", 0, 0, 0, 44, 0, 0, 1, 10, 55
"c:\Users\karry-yang\Desktop\NOTICEYOU-NEXTJS\notice_you_service_node\notice_you_service\src\modules\database\typeorm\typeorm.config.ts", "TypeScript", 0, 0, 0, 18, 0, 0, 1, 3, 22
"c:\Users\karry-yang\Desktop\NOTICEYOU-NEXTJS\notice_you_service_node\notice_you_service\src\modules\database\typeorm\typeorm.module.ts", "TypeScript", 0, 0, 0, 14, 0, 0, 0, 1, 15
"c:\Users\karry-yang\Desktop\NOTICEYOU-NEXTJS\notice_you_service_node\notice_you_service\src\modules\mail\config\mail.config.ts", "TypeScript", 0, 0, 0, 13, 0, 0, 2, 1, 16
"c:\Users\karry-yang\Desktop\NOTICEYOU-NEXTJS\notice_you_service_node\notice_you_service\src\modules\mail\handlers\verification.handler.ts", "TypeScript", 0, 0, 0, 20, 0, 0, 2, 4, 26
"c:\Users\karry-yang\Desktop\NOTICEYOU-NEXTJS\notice_you_service_node\notice_you_service\src\modules\mail\mail.moudle.ts", "TypeScript", 0, 0, 0, 23, 0, 0, 1, 1, 25
"c:\Users\karry-yang\Desktop\NOTICEYOU-NEXTJS\notice_you_service_node\notice_you_service\src\modules\mail\mail.service.ts", "TypeScript", 0, 0, 0, 49, 0, 0, 21, 8, 78
"c:\Users\karry-yang\Desktop\NOTICEYOU-NEXTJS\notice_you_service_node\notice_you_service\src\modules\mail\processing\mail-parser.service.ts", "TypeScript", 0, 0, 0, 13, 0, 0, 1, 2, 16
"c:\Users\karry-yang\Desktop\NOTICEYOU-NEXTJS\notice_you_service_node\notice_you_service\src\modules\mail\processing\mail-queue.service.ts", "TypeScript", 0, 0, 0, 18, 0, 0, 1, 3, 22
"c:\Users\karry-yang\Desktop\NOTICEYOU-NEXTJS\notice_you_service_node\notice_you_service\src\modules\mail\transport\smtp-server.service.ts", "TypeScript", 0, 0, 0, 26, 0, 0, 1, 6, 33
"c:\Users\karry-yang\Desktop\NOTICEYOU-NEXTJS\notice_you_service_node\notice_you_service\src\modules\notification\notice.entity.ts", "TypeScript", 0, 0, 0, 0, 0, 0, 0, 1, 1
"c:\Users\karry-yang\Desktop\NOTICEYOU-NEXTJS\notice_you_service_node\notice_you_service\src\modules\task\controllers\habit.controller.ts", "TypeScript", 0, 0, 0, 112, 0, 0, 21, 16, 149
"c:\Users\karry-yang\Desktop\NOTICEYOU-NEXTJS\notice_you_service_node\notice_you_service\src\modules\task\controllers\listicle.controller.ts", "TypeScript", 0, 0, 0, 29, 0, 0, 1, 4, 34
"c:\Users\karry-yang\Desktop\NOTICEYOU-NEXTJS\notice_you_service_node\notice_you_service\src\modules\task\controllers\personal-task.controller.ts", "TypeScript", 0, 0, 0, 23, 0, 0, 6, 3, 32
"c:\Users\karry-yang\Desktop\NOTICEYOU-NEXTJS\notice_you_service_node\notice_you_service\src\modules\task\controllers\public-task.controller.ts", "TypeScript", 0, 0, 0, 74, 0, 0, 8, 19, 101
"c:\Users\karry-yang\Desktop\NOTICEYOU-NEXTJS\notice_you_service_node\notice_you_service\src\modules\task\controllers\tag.controller.ts", "TypeScript", 0, 0, 0, 21, 0, 0, 1, 1, 23
"c:\Users\karry-yang\Desktop\NOTICEYOU-NEXTJS\notice_you_service_node\notice_you_service\src\modules\task\dto\habitGroup\createHabitGroup.dto.ts", "TypeScript", 0, 0, 0, 6, 0, 0, 0, 5, 11
"c:\Users\karry-yang\Desktop\NOTICEYOU-NEXTJS\notice_you_service_node\notice_you_service\src\modules\task\dto\habitGroup\updateHabitGroup.dto.ts", "TypeScript", 0, 0, 0, 6, 0, 0, 3, 3, 12
"c:\Users\karry-yang\Desktop\NOTICEYOU-NEXTJS\notice_you_service_node\notice_you_service\src\modules\task\dto\habitTask\createHabitTask.dto.ts", "TypeScript", 0, 0, 0, 27, 0, 0, 0, 10, 37
"c:\Users\karry-yang\Desktop\NOTICEYOU-NEXTJS\notice_you_service_node\notice_you_service\src\modules\task\dto\habitTask\habitWithDetail.dto.ts", "TypeScript", 0, 0, 0, 8, 0, 0, 5, 7, 20
"c:\Users\karry-yang\Desktop\NOTICEYOU-NEXTJS\notice_you_service_node\notice_you_service\src\modules\task\dto\habitTask\updateHabitTask.dto.ts", "TypeScript", 0, 0, 0, 5, 0, 0, 0, 2, 7
"c:\Users\karry-yang\Desktop\NOTICEYOU-NEXTJS\notice_you_service_node\notice_you_service\src\modules\task\dto\listicle\createListicle.dto.ts", "TypeScript", 0, 0, 0, 22, 0, 0, 0, 6, 28
"c:\Users\karry-yang\Desktop\NOTICEYOU-NEXTJS\notice_you_service_node\notice_you_service\src\modules\task\dto\listicle\updateListicle.dto.ts", "TypeScript", 0, 0, 0, 5, 0, 0, 0, 3, 8
"c:\Users\karry-yang\Desktop\NOTICEYOU-NEXTJS\notice_you_service_node\notice_you_service\src\modules\task\dto\personalTask\createPersonalTask.dto.ts", "TypeScript", 0, 0, 0, 34, 0, 0, 0, 13, 47
"c:\Users\karry-yang\Desktop\NOTICEYOU-NEXTJS\notice_you_service_node\notice_you_service\src\modules\task\dto\personalTask\personalTaskWithPagination.responseDto.ts", "TypeScript", 0, 0, 0, 16, 0, 0, 0, 5, 21
"c:\Users\karry-yang\Desktop\NOTICEYOU-NEXTJS\notice_you_service_node\notice_you_service\src\modules\task\dto\personalTask\personalTasksWithListicleTag.dto.ts", "TypeScript", 0, 0, 0, 10, 0, 0, 0, 2, 12
"c:\Users\karry-yang\Desktop\NOTICEYOU-NEXTJS\notice_you_service_node\notice_you_service\src\modules\task\dto\personalTask\psersonal-task-filter.dto.ts", "TypeScript", 0, 0, 0, 58, 0, 0, 0, 11, 69
"c:\Users\karry-yang\Desktop\NOTICEYOU-NEXTJS\notice_you_service_node\notice_you_service\src\modules\task\dto\personalTask\updatePersonalTask.dto.ts", "TypeScript", 0, 0, 0, 5, 0, 0, 0, 2, 7
"c:\Users\karry-yang\Desktop\NOTICEYOU-NEXTJS\notice_you_service_node\notice_you_service\src\modules\task\dto\publicTask\createPublicTask.dto.ts", "TypeScript", 0, 0, 0, 40, 0, 0, 0, 13, 53
"c:\Users\karry-yang\Desktop\NOTICEYOU-NEXTJS\notice_you_service_node\notice_you_service\src\modules\task\dto\publicTask\updatePublicTask.dto.ts", "TypeScript", 0, 0, 0, 5, 0, 0, 0, 2, 7
"c:\Users\karry-yang\Desktop\NOTICEYOU-NEXTJS\notice_you_service_node\notice_you_service\src\modules\task\dto\tag\createTag.dto.ts", "TypeScript", 0, 0, 0, 15, 0, 0, 0, 5, 20
"c:\Users\karry-yang\Desktop\NOTICEYOU-NEXTJS\notice_you_service_node\notice_you_service\src\modules\task\dto\tag\updateTag.dto.ts", "TypeScript", 0, 0, 0, 8, 0, 0, 0, 2, 10
"c:\Users\karry-yang\Desktop\NOTICEYOU-NEXTJS\notice_you_service_node\notice_you_service\src\modules\task\entities\habit-group.entity.ts", "TypeScript", 0, 0, 0, 13, 0, 0, 0, 2, 15
"c:\Users\karry-yang\Desktop\NOTICEYOU-NEXTJS\notice_you_service_node\notice_you_service\src\modules\task\entities\habit-task.entity.ts", "TypeScript", 0, 0, 0, 34, 0, 0, 3, 10, 47
"c:\Users\karry-yang\Desktop\NOTICEYOU-NEXTJS\notice_you_service_node\notice_you_service\src\modules\task\entities\interfaces\habit-group.interface.ts", "TypeScript", 0, 0, 0, 7, 0, 0, 0, 2, 9
"c:\Users\karry-yang\Desktop\NOTICEYOU-NEXTJS\notice_you_service_node\notice_you_service\src\modules\task\entities\interfaces\habit-task.interface.ts", "TypeScript", 0, 0, 0, 17, 0, 0, 2, 4, 23
"c:\Users\karry-yang\Desktop\NOTICEYOU-NEXTJS\notice_you_service_node\notice_you_service\src\modules\task\entities\interfaces\listicle.interface.ts", "TypeScript", 0, 0, 0, 11, 0, 0, 0, 3, 14
"c:\Users\karry-yang\Desktop\NOTICEYOU-NEXTJS\notice_you_service_node\notice_you_service\src\modules\task\entities\interfaces\personal-task-tag.interface.ts", "TypeScript", 0, 0, 0, 10, 0, 0, 0, 1, 11
"c:\Users\karry-yang\Desktop\NOTICEYOU-NEXTJS\notice_you_service_node\notice_you_service\src\modules\task\entities\interfaces\personal-task.interface.ts", "TypeScript", 0, 0, 0, 25, 0, 0, 4, 12, 41
"c:\Users\karry-yang\Desktop\NOTICEYOU-NEXTJS\notice_you_service_node\notice_you_service\src\modules\task\entities\interfaces\public-task-assignee.interface.ts", "TypeScript", 0, 0, 0, 12, 0, 0, 0, 11, 23
"c:\Users\karry-yang\Desktop\NOTICEYOU-NEXTJS\notice_you_service_node\notice_you_service\src\modules\task\entities\interfaces\public-task-rector.interface.ts", "TypeScript", 0, 0, 0, 10, 0, 0, 1, 4, 15
"c:\Users\karry-yang\Desktop\NOTICEYOU-NEXTJS\notice_you_service_node\notice_you_service\src\modules\task\entities\interfaces\public-task.interface.ts", "TypeScript", 0, 0, 0, 30, 0, 0, 10, 13, 53
"c:\Users\karry-yang\Desktop\NOTICEYOU-NEXTJS\notice_you_service_node\notice_you_service\src\modules\task\entities\interfaces\tag.interface.ts", "TypeScript", 0, 0, 0, 12, 0, 0, 1, 2, 15
"c:\Users\karry-yang\Desktop\NOTICEYOU-NEXTJS\notice_you_service_node\notice_you_service\src\modules\task\entities\interfaces\task-checkin-rule.interface.ts", "TypeScript", 0, 0, 0, 9, 0, 0, 3, 6, 18
"c:\Users\karry-yang\Desktop\NOTICEYOU-NEXTJS\notice_you_service_node\notice_you_service\src\modules\task\entities\listicle.entity.ts", "TypeScript", 0, 0, 0, 22, 0, 0, 7, 8, 37
"c:\Users\karry-yang\Desktop\NOTICEYOU-NEXTJS\notice_you_service_node\notice_you_service\src\modules\task\entities\personal-task-tag.entity.ts", "TypeScript", 0, 0, 0, 20, 0, 0, 0, 5, 25
"c:\Users\karry-yang\Desktop\NOTICEYOU-NEXTJS\notice_you_service_node\notice_you_service\src\modules\task\entities\personal-task.entity.ts", "TypeScript", 0, 0, 0, 48, 0, 0, 4, 17, 69
"c:\Users\karry-yang\Desktop\NOTICEYOU-NEXTJS\notice_you_service_node\notice_you_service\src\modules\task\entities\public-task-assignee.entity.ts", "TypeScript", 0, 0, 0, 22, 0, 0, 0, 7, 29
"c:\Users\karry-yang\Desktop\NOTICEYOU-NEXTJS\notice_you_service_node\notice_you_service\src\modules\task\entities\public-task-rector.entity.ts", "TypeScript", 0, 0, 0, 19, 0, 0, 1, 5, 25
"c:\Users\karry-yang\Desktop\NOTICEYOU-NEXTJS\notice_you_service_node\notice_you_service\src\modules\task\entities\public-task.entity.ts", "TypeScript", 0, 0, 0, 56, 0, 0, 7, 19, 82
"c:\Users\karry-yang\Desktop\NOTICEYOU-NEXTJS\notice_you_service_node\notice_you_service\src\modules\task\entities\tag.entity.ts", "TypeScript", 0, 0, 0, 22, 0, 0, 0, 8, 30
"c:\Users\karry-yang\Desktop\NOTICEYOU-NEXTJS\notice_you_service_node\notice_you_service\src\modules\task\entities\task-checkin-rule.entity.ts", "TypeScript", 0, 0, 0, 22, 0, 0, 4, 4, 30
"c:\Users\karry-yang\Desktop\NOTICEYOU-NEXTJS\notice_you_service_node\notice_you_service\src\modules\task\repositories\habit-group.reposicory.ts", "TypeScript", 0, 0, 0, 31, 0, 0, 0, 3, 34
"c:\Users\karry-yang\Desktop\NOTICEYOU-NEXTJS\notice_you_service_node\notice_you_service\src\modules\task\repositories\habit-task.repository.ts", "TypeScript", 0, 0, 0, 212, 0, 0, 7, 32, 251
"c:\Users\karry-yang\Desktop\NOTICEYOU-NEXTJS\notice_you_service_node\notice_you_service\src\modules\task\repositories\interfaces\habit-group.repository.ts", "TypeScript", 0, 0, 0, 10, 0, 0, 16, 1, 27
"c:\Users\karry-yang\Desktop\NOTICEYOU-NEXTJS\notice_you_service_node\notice_you_service\src\modules\task\repositories\interfaces\habit-task.repository.interface.ts", "TypeScript", 0, 0, 0, 17, 0, 0, 29, 17, 63
"c:\Users\karry-yang\Desktop\NOTICEYOU-NEXTJS\notice_you_service_node\notice_you_service\src\modules\task\repositories\interfaces\listicle.repository.interface.ts", "TypeScript", 0, 0, 0, 12, 0, 0, 30, 10, 52
"c:\Users\karry-yang\Desktop\NOTICEYOU-NEXTJS\notice_you_service_node\notice_you_service\src\modules\task\repositories\interfaces\personal-task.repository.interface.ts", "TypeScript", 0, 0, 0, 11, 0, 0, 17, 8, 36
"c:\Users\karry-yang\Desktop\NOTICEYOU-NEXTJS\notice_you_service_node\notice_you_service\src\modules\task\repositories\interfaces\public-task.repository.interface.ts", "TypeScript", 0, 0, 0, 37, 0, 0, 66, 9, 112
"c:\Users\karry-yang\Desktop\NOTICEYOU-NEXTJS\notice_you_service_node\notice_you_service\src\modules\task\repositories\interfaces\tag.repository.interface.ts", "TypeScript", 0, 0, 0, 11, 0, 0, 20, 7, 38
"c:\Users\karry-yang\Desktop\NOTICEYOU-NEXTJS\notice_you_service_node\notice_you_service\src\modules\task\repositories\listicle.repository.ts", "TypeScript", 0, 0, 0, 101, 0, 0, 35, 23, 159
"c:\Users\karry-yang\Desktop\NOTICEYOU-NEXTJS\notice_you_service_node\notice_you_service\src\modules\task\repositories\personal-task.repository.ts", "TypeScript", 0, 0, 0, 147, 0, 0, 41, 29, 217
"c:\Users\karry-yang\Desktop\NOTICEYOU-NEXTJS\notice_you_service_node\notice_you_service\src\modules\task\repositories\public-task.repository.ts", "TypeScript", 0, 0, 0, 83, 0, 0, 78, 18, 179
"c:\Users\karry-yang\Desktop\NOTICEYOU-NEXTJS\notice_you_service_node\notice_you_service\src\modules\task\repositories\tag.repository.ts", "TypeScript", 0, 0, 0, 47, 0, 0, 2, 3, 52
"c:\Users\karry-yang\Desktop\NOTICEYOU-NEXTJS\notice_you_service_node\notice_you_service\src\modules\task\services\habit-task.service.ts", "TypeScript", 0, 0, 0, 88, 0, 0, 8, 9, 105
"c:\Users\karry-yang\Desktop\NOTICEYOU-NEXTJS\notice_you_service_node\notice_you_service\src\modules\task\services\interface\habit-task.interface.ts", "TypeScript", 0, 0, 0, 17, 0, 0, 25, 15, 57
"c:\Users\karry-yang\Desktop\NOTICEYOU-NEXTJS\notice_you_service_node\notice_you_service\src\modules\task\services\interface\listicle.interface.ts", "TypeScript", 0, 0, 0, 10, 0, 0, 5, 2, 17
"c:\Users\karry-yang\Desktop\NOTICEYOU-NEXTJS\notice_you_service_node\notice_you_service\src\modules\task\services\interface\personal-task.interface.ts", "TypeScript", 0, 0, 0, 11, 0, 0, 24, 4, 39
"c:\Users\karry-yang\Desktop\NOTICEYOU-NEXTJS\notice_you_service_node\notice_you_service\src\modules\task\services\interface\public-task.interface.ts", "TypeScript", 0, 0, 0, 17, 0, 0, 47, 13, 77
"c:\Users\karry-yang\Desktop\NOTICEYOU-NEXTJS\notice_you_service_node\notice_you_service\src\modules\task\services\interface\tag.interface.ts", "TypeScript", 0, 0, 0, 9, 0, 0, 12, 6, 27
"c:\Users\karry-yang\Desktop\NOTICEYOU-NEXTJS\notice_you_service_node\notice_you_service\src\modules\task\services\listicle.service.ts", "TypeScript", 0, 0, 0, 29, 0, 0, 0, 2, 31
"c:\Users\karry-yang\Desktop\NOTICEYOU-NEXTJS\notice_you_service_node\notice_you_service\src\modules\task\services\personal-task.service.ts", "TypeScript", 0, 0, 0, 30, 0, 0, 7, 3, 40
"c:\Users\karry-yang\Desktop\NOTICEYOU-NEXTJS\notice_you_service_node\notice_you_service\src\modules\task\services\public-task.service.ts", "TypeScript", 0, 0, 0, 62, 0, 0, 10, 10, 82
"c:\Users\karry-yang\Desktop\NOTICEYOU-NEXTJS\notice_you_service_node\notice_you_service\src\modules\task\services\tag.serviece.ts", "TypeScript", 0, 0, 0, 29, 0, 0, 3, 5, 37
"c:\Users\karry-yang\Desktop\NOTICEYOU-NEXTJS\notice_you_service_node\notice_you_service\src\modules\task\task.module.ts", "TypeScript", 0, 0, 0, 76, 0, 0, 5, 5, 86
"c:\Users\karry-yang\Desktop\NOTICEYOU-NEXTJS\notice_you_service_node\notice_you_service\src\modules\updown\entities\file.entity.ts", "TypeScript", 0, 0, 0, 26, 0, 0, 15, 7, 48
"c:\Users\karry-yang\Desktop\NOTICEYOU-NEXTJS\notice_you_service_node\notice_you_service\src\modules\updown\entities\interfaces\file.interface.ts", "TypeScript", 0, 0, 0, 12, 0, 0, 0, 2, 14
"c:\Users\karry-yang\Desktop\NOTICEYOU-NEXTJS\notice_you_service_node\notice_you_service\src\modules\updown\updown.moudle.ts", "TypeScript", 0, 0, 0, 0, 0, 0, 0, 1, 1
"c:\Users\karry-yang\Desktop\NOTICEYOU-NEXTJS\notice_you_service_node\notice_you_service\src\modules\user\controllers\auth.controller.ts", "TypeScript", 0, 0, 0, 12, 0, 0, 5, 4, 21
"c:\Users\karry-yang\Desktop\NOTICEYOU-NEXTJS\notice_you_service_node\notice_you_service\src\modules\user\controllers\org-dep.controller.ts", "TypeScript", 0, 0, 0, 7, 0, 0, 0, 1, 8
"c:\Users\karry-yang\Desktop\NOTICEYOU-NEXTJS\notice_you_service_node\notice_you_service\src\modules\user\controllers\user.controller.ts", "TypeScript", 0, 0, 0, 28, 0, 0, 10, 6, 44
"c:\Users\karry-yang\Desktop\NOTICEYOU-NEXTJS\notice_you_service_node\notice_you_service\src\modules\user\dto\department\create-department.dto.ts", "TypeScript", 0, 0, 0, 55, 0, 0, 0, 5, 60
"c:\Users\karry-yang\Desktop\NOTICEYOU-NEXTJS\notice_you_service_node\notice_you_service\src\modules\user\dto\department\internal-department.dto.ts", "TypeScript", 0, 0, 0, 77, 0, 0, 4, 8, 89
"c:\Users\karry-yang\Desktop\NOTICEYOU-NEXTJS\notice_you_service_node\notice_you_service\src\modules\user\dto\department\response-department.dto.ts", "TypeScript", 0, 0, 0, 65, 0, 0, 1, 7, 73
"c:\Users\karry-yang\Desktop\NOTICEYOU-NEXTJS\notice_you_service_node\notice_you_service\src\modules\user\dto\department\update-department.dto.ts", "TypeScript", 0, 0, 0, 43, 0, 0, 0, 7, 50
"c:\Users\karry-yang\Desktop\NOTICEYOU-NEXTJS\notice_you_service_node\notice_you_service\src\modules\user\dto\oraganization\create-organization.dto.ts", "TypeScript", 0, 0, 0, 43, 0, 0, 0, 6, 49
"c:\Users\karry-yang\Desktop\NOTICEYOU-NEXTJS\notice_you_service_node\notice_you_service\src\modules\user\dto\oraganization\internal-organization.dto.ts", "TypeScript", 0, 0, 0, 68, 0, 0, 5, 11, 84
"c:\Users\karry-yang\Desktop\NOTICEYOU-NEXTJS\notice_you_service_node\notice_you_service\src\modules\user\dto\oraganization\response-organization.dto.ts", "TypeScript", 0, 0, 0, 100, 0, 0, 4, 9, 113
"c:\Users\karry-yang\Desktop\NOTICEYOU-NEXTJS\notice_you_service_node\notice_you_service\src\modules\user\dto\oraganization\update-organization.dto.ts", "TypeScript", 0, 0, 0, 56, 0, 0, 8, 5, 69
"c:\Users\karry-yang\Desktop\NOTICEYOU-NEXTJS\notice_you_service_node\notice_you_service\src\modules\user\dto\permission\create-permission.dto.ts", "TypeScript", 0, 0, 0, 69, 0, 0, 14, 6, 89
"c:\Users\karry-yang\Desktop\NOTICEYOU-NEXTJS\notice_you_service_node\notice_you_service\src\modules\user\dto\permission\internal-permission.dto.ts", "TypeScript", 0, 0, 0, 67, 0, 0, 2, 11, 80
"c:\Users\karry-yang\Desktop\NOTICEYOU-NEXTJS\notice_you_service_node\notice_you_service\src\modules\user\dto\permission\response-permission.dto.ts", "TypeScript", 0, 0, 0, 98, 0, 0, 8, 14, 120
"c:\Users\karry-yang\Desktop\NOTICEYOU-NEXTJS\notice_you_service_node\notice_you_service\src\modules\user\dto\permission\update-permission.dto.ts", "TypeScript", 0, 0, 0, 56, 0, 0, 0, 7, 63
"c:\Users\karry-yang\Desktop\NOTICEYOU-NEXTJS\notice_you_service_node\notice_you_service\src\modules\user\dto\role\create-role.dto.ts", "TypeScript", 0, 0, 0, 16, 0, 0, 10, 3, 29
"c:\Users\karry-yang\Desktop\NOTICEYOU-NEXTJS\notice_you_service_node\notice_you_service\src\modules\user\dto\role\internal-role.dto.ts", "TypeScript", 0, 0, 0, 33, 0, 0, 1, 4, 38
"c:\Users\karry-yang\Desktop\NOTICEYOU-NEXTJS\notice_you_service_node\notice_you_service\src\modules\user\dto\role\response-role.dto.ts", "TypeScript", 0, 0, 0, 13, 0, 0, 0, 1, 14
"c:\Users\karry-yang\Desktop\NOTICEYOU-NEXTJS\notice_you_service_node\notice_you_service\src\modules\user\dto\role\update-role-permissio-relation.dto .ts", "TypeScript", 0, 0, 0, 13, 0, 0, 4, 6, 23
"c:\Users\karry-yang\Desktop\NOTICEYOU-NEXTJS\notice_you_service_node\notice_you_service\src\modules\user\dto\role\update-role.dto.ts", "TypeScript", 0, 0, 0, 24, 0, 0, 3, 4, 31
"c:\Users\karry-yang\Desktop\NOTICEYOU-NEXTJS\notice_you_service_node\notice_you_service\src\modules\user\dto\user\connect-user.dto.ts", "TypeScript", 0, 0, 0, 14, 0, 0, 4, 2, 20
"c:\Users\karry-yang\Desktop\NOTICEYOU-NEXTJS\notice_you_service_node\notice_you_service\src\modules\user\dto\user\create-user.dto.ts", "TypeScript", 0, 0, 0, 23, 0, 0, 8, 9, 40
"c:\Users\karry-yang\Desktop\NOTICEYOU-NEXTJS\notice_you_service_node\notice_you_service\src\modules\user\dto\user\internal-user.dto.ts", "TypeScript", 0, 0, 0, 32, 0, 0, 15, 20, 67
"c:\Users\karry-yang\Desktop\NOTICEYOU-NEXTJS\notice_you_service_node\notice_you_service\src\modules\user\dto\user\login-user.dto.ts", "TypeScript", 0, 0, 0, 12, 0, 0, 6, 2, 20
"c:\Users\karry-yang\Desktop\NOTICEYOU-NEXTJS\notice_you_service_node\notice_you_service\src\modules\user\dto\user\response-user.dto.ts", "TypeScript", 0, 0, 0, 28, 0, 0, 3, 9, 40
"c:\Users\karry-yang\Desktop\NOTICEYOU-NEXTJS\notice_you_service_node\notice_you_service\src\modules\user\dto\user\update-password.dto.ts", "TypeScript", 0, 0, 0, 18, 0, 0, 4, 5, 27
"c:\Users\karry-yang\Desktop\NOTICEYOU-NEXTJS\notice_you_service_node\notice_you_service\src\modules\user\dto\user\update-user.dto.ts", "TypeScript", 0, 0, 0, 23, 0, 0, 8, 7, 38
"c:\Users\karry-yang\Desktop\NOTICEYOU-NEXTJS\notice_you_service_node\notice_you_service\src\modules\user\entities\department.entity.ts", "TypeScript", 0, 0, 0, 24, 0, 0, 2, 7, 33
"c:\Users\karry-yang\Desktop\NOTICEYOU-NEXTJS\notice_you_service_node\notice_you_service\src\modules\user\entities\interfaces\department.interface.ts", "TypeScript", 0, 0, 0, 11, 0, 0, 0, 4, 15
"c:\Users\karry-yang\Desktop\NOTICEYOU-NEXTJS\notice_you_service_node\notice_you_service\src\modules\user\entities\interfaces\organization.interface.ts", "TypeScript", 0, 0, 0, 12, 0, 0, 0, 7, 19
"c:\Users\karry-yang\Desktop\NOTICEYOU-NEXTJS\notice_you_service_node\notice_you_service\src\modules\user\entities\interfaces\permission.interface.ts", "TypeScript", 0, 0, 0, 15, 0, 0, 2, 1, 18
"c:\Users\karry-yang\Desktop\NOTICEYOU-NEXTJS\notice_you_service_node\notice_you_service\src\modules\user\entities\interfaces\role-permission.interface.ts", "TypeScript", 0, 0, 0, 8, 0, 0, 0, 1, 9
"c:\Users\karry-yang\Desktop\NOTICEYOU-NEXTJS\notice_you_service_node\notice_you_service\src\modules\user\entities\interfaces\role.interface.ts", "TypeScript", 0, 0, 0, 12, 0, 0, 2, 1, 15
"c:\Users\karry-yang\Desktop\NOTICEYOU-NEXTJS\notice_you_service_node\notice_you_service\src\modules\user\entities\interfaces\setting.interface.ts", "TypeScript", 0, 0, 0, 8, 0, 0, 0, 1, 9
"c:\Users\karry-yang\Desktop\NOTICEYOU-NEXTJS\notice_you_service_node\notice_you_service\src\modules\user\entities\interfaces\user-role.interface.ts", "TypeScript", 0, 0, 0, 12, 0, 0, 0, 1, 13
"c:\Users\karry-yang\Desktop\NOTICEYOU-NEXTJS\notice_you_service_node\notice_you_service\src\modules\user\entities\interfaces\user.interface.ts", "TypeScript", 0, 0, 0, 27, 0, 0, 14, 7, 48
"c:\Users\karry-yang\Desktop\NOTICEYOU-NEXTJS\notice_you_service_node\notice_you_service\src\modules\user\entities\organization.entity.ts", "TypeScript", 0, 0, 0, 25, 0, 0, 5, 8, 38
"c:\Users\karry-yang\Desktop\NOTICEYOU-NEXTJS\notice_you_service_node\notice_you_service\src\modules\user\entities\permission.entity.ts", "TypeScript", 0, 0, 0, 38, 0, 0, 2, 10, 50
"c:\Users\karry-yang\Desktop\NOTICEYOU-NEXTJS\notice_you_service_node\notice_you_service\src\modules\user\entities\role-permission.entity.ts", "TypeScript", 0, 0, 0, 20, 0, 0, 5, 7, 32
"c:\Users\karry-yang\Desktop\NOTICEYOU-NEXTJS\notice_you_service_node\notice_you_service\src\modules\user\entities\role.entity.ts", "TypeScript", 0, 0, 0, 18, 0, 0, 10, 8, 36
"c:\Users\karry-yang\Desktop\NOTICEYOU-NEXTJS\notice_you_service_node\notice_you_service\src\modules\user\entities\user-role.entity.ts", "TypeScript", 0, 0, 0, 30, 0, 0, 3, 8, 41
"c:\Users\karry-yang\Desktop\NOTICEYOU-NEXTJS\notice_you_service_node\notice_you_service\src\modules\user\entities\user-setting.entity.ts", "TypeScript", 0, 0, 0, 19, 0, 0, 6, 3, 28
"c:\Users\karry-yang\Desktop\NOTICEYOU-NEXTJS\notice_you_service_node\notice_you_service\src\modules\user\entities\user.entity.ts", "TypeScript", 0, 0, 0, 53, 0, 0, 44, 23, 120
"c:\Users\karry-yang\Desktop\NOTICEYOU-NEXTJS\notice_you_service_node\notice_you_service\src\modules\user\repositories\auth-manage.repository.ts", "TypeScript", 0, 0, 0, 159, 0, 0, 18, 23, 200
"c:\Users\karry-yang\Desktop\NOTICEYOU-NEXTJS\notice_you_service_node\notice_you_service\src\modules\user\repositories\interfaces\auth-manage.repository.interface.ts", "TypeScript", 0, 0, 0, 26, 0, 0, 25, 23, 74
"c:\Users\karry-yang\Desktop\NOTICEYOU-NEXTJS\notice_you_service_node\notice_you_service\src\modules\user\repositories\interfaces\org-dep-manage.repository.interface.ts", "TypeScript", 0, 0, 0, 22, 0, 0, 63, 25, 110
"c:\Users\karry-yang\Desktop\NOTICEYOU-NEXTJS\notice_you_service_node\notice_you_service\src\modules\user\repositories\interfaces\setting-manage.repository.interface.ts", "TypeScript", 0, 0, 0, 5, 0, 0, 5, 4, 14
"c:\Users\karry-yang\Desktop\NOTICEYOU-NEXTJS\notice_you_service_node\notice_you_service\src\modules\user\repositories\interfaces\user-manage.repository.interface.ts", "TypeScript", 0, 0, 0, 25, 0, 0, 74, 23, 122
"c:\Users\karry-yang\Desktop\NOTICEYOU-NEXTJS\notice_you_service_node\notice_you_service\src\modules\user\repositories\org-dep-manage.repository.ts", "TypeScript", 0, 0, 0, 103, 0, 0, 12, 15, 130
"c:\Users\karry-yang\Desktop\NOTICEYOU-NEXTJS\notice_you_service_node\notice_you_service\src\modules\user\repositories\user-manage.repository.ts", "TypeScript", 0, 0, 0, 197, 0, 0, 40, 32, 269
"c:\Users\karry-yang\Desktop\NOTICEYOU-NEXTJS\notice_you_service_node\notice_you_service\src\modules\user\services\auth\auth-manage.service.ts", "TypeScript", 0, 0, 0, 21, 0, 0, 2, 10, 33
"c:\Users\karry-yang\Desktop\NOTICEYOU-NEXTJS\notice_you_service_node\notice_you_service\src\modules\user\services\interface\auth-manage.interface.ts", "TypeScript", 0, 0, 0, 6, 0, 0, 12, 6, 24
"c:\Users\karry-yang\Desktop\NOTICEYOU-NEXTJS\notice_you_service_node\notice_you_service\src\modules\user\services\interface\organization-manage.interface.ts", "TypeScript", 0, 0, 0, 12, 0, 0, 5, 3, 20
"c:\Users\karry-yang\Desktop\NOTICEYOU-NEXTJS\notice_you_service_node\notice_you_service\src\modules\user\services\interface\user-manager.interface.ts", "TypeScript", 0, 0, 0, 13, 0, 0, 12, 10, 35
"c:\Users\karry-yang\Desktop\NOTICEYOU-NEXTJS\notice_you_service_node\notice_you_service\src\modules\user\services\oraganiztion\org-dep-manage.service.ts", "TypeScript", 0, 0, 0, 32, 0, 0, 0, 2, 34
"c:\Users\karry-yang\Desktop\NOTICEYOU-NEXTJS\notice_you_service_node\notice_you_service\src\modules\user\services\user\user-manage.service.ts", "TypeScript", 0, 0, 0, 69, 0, 0, 17, 17, 103
"c:\Users\karry-yang\Desktop\NOTICEYOU-NEXTJS\notice_you_service_node\notice_you_service\src\modules\user\user.module.ts", "TypeScript", 0, 0, 0, 64, 0, 0, 0, 7, 71
"c:\Users\karry-yang\Desktop\NOTICEYOU-NEXTJS\notice_you_service_node\notice_you_service\test\app.e2e-spec.ts", "TypeScript", 0, 0, 0, 21, 0, 0, 0, 5, 26
"c:\Users\karry-yang\Desktop\NOTICEYOU-NEXTJS\notice_you_service_node\notice_you_service\test\jest-e2e.json", "JSON", 9, 0, 0, 0, 0, 0, 0, 1, 10
"c:\Users\karry-yang\Desktop\NOTICEYOU-NEXTJS\notice_you_service_node\notice_you_service\tsconfig.build.json", "JSON", 17, 0, 0, 0, 0, 0, 0, 1, 18
"c:\Users\karry-yang\Desktop\NOTICEYOU-NEXTJS\notice_you_service_node\notice_you_service\tsconfig.json", "JSON with Comments", 0, 0, 32, 0, 0, 0, 0, 2, 34
"Total", "-", 14441, 43, 32, 6871, 191, 1772, 2571, 1813, 27734